ID,UltAct_datos,UltAct_meta,Fecha_creacion,Sumi_datos,Propietario,Dependencia,Entidad,Departamento,Municipio,Orden,Sector,Idioma,Cobertura,Frec_actual,Emision
1,28 de diciembre de 2022,8 de julio de 2022,30 de septiembre de 2019,Colombia Compra Eficiente,Colombia Compra Eficiente,Subdirección de IDT,Agencia Nacional de Contratación Pública Colombia Compra Eficiente,Bogotá D.C.,Bogotá D.C.,Nacional,Planeación,Español,Nacional,Diaria,2019-10-01
2,24 de septiembre de 2020,15 de julio de 2022,17 de mayo de 2017,Comisión de Regulación de Energía y Gas,Comisión de Regulación de Energía y Gas,Mauricio Velosa,Comisión de Regulación de Energía y Gas,Bogotá D.C.,Bogotá D.C.,Nacional,Minas y Energía,Español,Nacional,Anual,2017-05-17
3,10 de agosto de 2016,14 de octubre de 2020,10 de agosto de 2016,Alcaldía Municipal de Neiva en Huila,Secretaria TIC,ALCALDIA MUNICIPAL DE NEIVA,Alcaldía Municipal de Neiva,Huila,Neiva,Territorial,Función Pública,Español,Municipal,Anual,2016-02-05
4,13 de mayo de 2019,15 de julio de 2022,13 de octubre de 2016,MINISTERIO DE MINAS Y ENERGÍA,Ministerio de Minas y Energia,MinMinas,Ministerio de Minas y Energía,Bogotá D.C.,Bogotá D.C.,Nacional,Minas y Energía,Español,Nacional,Anual,2016-10-13
5,16 de diciembre de 2022,16 de diciembre de 2022,11 de mayo de 2018,Agencia Nacional de Minería ANM,ANM Agencia Nacional de Minería Contratos,Grupo de Contratos,Agencia Nacional de Minería,Bogotá D.C.,Bogotá D.C.,Nacional,Minas y Energía,Español,Nacional,Mensual,2018-04-27
6,16 de diciembre de 2022,16 de diciembre de 2022,11 de mayo de 2018,Agencia Nacional de Minería ANM,ANM Agencia Nacional de Minería Contratos,Grupo de Contratos,Agencia Nacional de Minería,Bogotá D.C.,Bogotá D.C.,Nacional,Minas y Energía,Español,Nacional,Mensual,2018-04-27
7,1 de febrero de 2021,15 de julio de 2022,1 de febrero de 2021,Alcaldía de Caucasia,Alcaldía de Caucasia,ALCALDIA DE CAUCASIA,Alcaldía Municipal de Caucasia,Antioquia,Caucasia,Territorial,Función Pública,Español,Nacional,Anual,29-12-2021
8,26 de enero de 2021,15 de julio de 2022,26 de enero de 2021,Planeación,ALCALDIA MUNICIPAL SAN ANDRÉS,Sistemas,Alcaldía Municipal de San Andrés Santander,Santander,San Andrés,Nacional,Planeación,Español,Nacional,Anual,2021/01/26
9,29 de enero de 2019,15 de julio de 2022,29 de enero de 2019,Alcaldía Municipal de Subachoque,Alcaldía de Subachoque,Planeación,Alcaldía Municipal de Subachoque,Cundinamarca,Subachoque,Territorial,Función Pública,Español,Municipal,Anual,2019 01 29
10,20 de septiembre de 2019,20 de septiembre de 2019,20 de septiembre de 2019,Alcaldía Municipal de Planadas Tolima,Alcaldia Municipal Planadas Tolima,Secretaria de Hacienda Municipal,Alcaldía Municipal de Planadas,Tolima,Planadas,Territorial,No Aplica,Español,Municipal,Anual,2019-01-30
11,5 de octubre de 2020,15 de julio de 2022,5 de octubre de 2020,Alcaldía de Puerto Libertador,admintic_puertolibertador,Planeacion,Alcaldía Municipal de Puerto Libertador,Córdoba,Puerto Libertador,Territorial,Planeación,Español,Municipal,Semestral,31/01/2020
12,12 de noviembre de 2020,15 de julio de 2022,12 de noviembre de 2020,Alcaldia de Caucasia,Alcaldía de Caucasia,ALCALDIA DE CAUCASIA,Alcaldía Municipal de Caucasia,Antioquia,Caucasia,Territorial,No Aplica,Español,Nacional,Anual,2020-11-12
13,21 de enero de 2021,15 de julio de 2022,21 de enero de 2021,Contraloría General del Cauca,Contraloría General del Cauca,JURIDICA,Contraloría Departamental del Cauca,Cauca,Popayán,Territorial,Organismos de control y vigilancia,Español,Nacional,No aplica,2019-01-15
14,26 de febrero de 2020,26 de febrero de 2020,26 de febrero de 2020,Contraloría Departamental del Valle del Cauca,CONTRALORÍA DEPARTAMENTAL DEL VALLE DEL CAUCA,Subdirección Financiera,Contraloría Departamental del Valle del Cauca,Valle del Cauca,Cali,Territorial,Función Pública,Español,Departamental,Anual,2020-01-15
15,28 de enero de 2021,15 de julio de 2022,28 de enero de 2021,Presupuesto,ISABU,Planeación,E.S.E. Empresa Social del Estado Instituto de Salud de Bucaramanga Isabu,Santander,Bucaramanga,Territorial,Salud y Protección Social,Español,Municipal,Anual,2021/01/28
16,14 de diciembre de 2020,22 de abril de 2021,23 de mayo de 2018,Superintendencia de Transporte,Supertransporte,Oficina Asesora de Planeación,Superintendencia de Transporte,Bogotá D.C.,Bogotá D.C.,Nacional,Transporte,Español,Nacional,Anual,2018-01-02
17,8 de noviembre de 2021,15 de julio de 2022,31 de agosto de 2020,ESE ISABU,ISABU,Planeación,E.S.E. Empresa Social del Estado Instituto de Salud de Bucaramanga Isabu,Santander,Bucaramanga,Nacional,Salud y Protección Social,Español,Nacional,Anual,2020-08-31
18,24 de noviembre de 2020,15 de julio de 2022,20 de febrero de 2020,UNIDAD NACIONAL DE PROTECCIÓN,UNP,UNIDAD NACIONAL DE PROTECCIÓN,Unidad Nacional de Protección,Bogotá D.C.,Bogotá D.C.,Nacional,Interior,Español,Nacional,No aplica,2020-01-03
19,8 de febrero de 2021,15 de julio de 2022,8 de febrero de 2021,Alcaldía de Puerto Libertador,admintic_puertolibertador,Oficina Asesora de Planeación y Tic,Alcaldía Municipal de Puerto Libertador,Córdoba,Puerto Libertador,Territorial,Planeación,Español,Nacional,Trimestral,31/01/2021
20,28 de diciembre de 2022,11 de noviembre de 2022,30 de septiembre de 2019,Colombia Compra Eficiente,Colombia Compra Eficiente,Subdirección de IDT,Agencia Nacional de Contratación Pública Colombia Compra Eficiente,Bogotá D.C.,Bogotá D.C.,Nacional,Planeación,Español,Nacional,Diaria,2019-10-01
21,14 de abril de 2021,14 de abril de 2021,14 de abril de 2021,Alcaldía Municipal de Subachoque,Alcaldía de Subachoque,Planeación,Alcaldía Municipal de Subachoque,Cundinamarca,Subachoque,Territorial,Planeación,Español,Municipal,Semestral,2021 04 14
22,12 de junio de 2019,15 de julio de 2022,12 de junio de 2019,Alcaldialajagua,Alcaldialajagua,Oficina de la Tics,Alcaldía Municipal de La Jagua de Ibirico,Cesar,La Jagua de Ibirico,Territorial,Hacienda y Crédito Público,Español,Municipal,Anual,2019-06-12
23,21 de febrero de 2020,5 de marzo de 2020,21 de febrero de 2020,Alcaldia Municipal de Yotoco,Alcaldia Municipal de Yotoco,SECRETARIA DE HACIENDA,Alcaldía Municipal de Yotoco,Valle del Cauca,Yotoco,Territorial,Hacienda y Crédito Público,Español,Nacional,Anual,2020-02-21
24,2 de julio de 2019,2 de julio de 2019,2 de julio de 2019,Contraloría Departamental del Valle del Cauca,CONTRALORÍA DEPARTAMENTAL DEL VALLE DEL CAUCA,Subdirección Operativa de Recursos Físicos y Financieros,Contraloría Departamental del Valle del Cauca,Valle del Cauca,Cali,Territorial,Función Pública,Español,Departamental,Anual,2018-12-31
25,9 de enero de 2019,15 de julio de 2022,9 de enero de 2019,Secretaría de Hacienda,MUNICIPIO DE SINCELEJO,Secretaría de Hacienda,Alcaldía Municipal de Sincelejo,Sucre,Sincelejo,Territorial,Hacienda y Crédito Público,Español,Municipal,Anual,2019-01-09
26,4 de noviembre de 2021,15 de julio de 2022,24 de marzo de 2021,UNIDAD NACIONAL DE PROTECCIÓN,UNP,UNIDAD NACIONAL DE PROTECCIÓN,Unidad Nacional de Protección,Bogotá D.C.,Bogotá D.C.,Nacional,Interior,Español,Nacional,No aplica,2021-03-01
27,28 de febrero de 2022,28 de febrero de 2022,28 de febrero de 2022,"Alcaldía de Florencia, Caquetá.",gobiernoenlinea@florencia-caqueta.gov.co,Secretaría Administrativa,Alcaldía Municipal de Florencia Caquetá,Caquetá,Florencia,Territorial,Función Pública,Español,Municipal,Anual,2022-01-01
28,24 de junio de 2021,15 de julio de 2022,24 de junio de 2021,ALCALDÍA DE LA UNIÓN VALLE,ALCALDÍA DE LA UNIÓN VALLE,Departamento Administrativo de Desarrollo Institucional,Alcaldía Municipal de La Unión Valle del Cauca,Valle del Cauca,La Unión,Territorial,Función Pública,Español,Municipal,No aplica,2021-06-24
29,28 de diciembre de 2022,11 de noviembre de 2022,4 de abril de 2022,Colombia Compra Eficiente,Colombia Compra Eficiente,Subdirección de IDT,Agencia Nacional de Contratación Pública Colombia Compra Eficiente,Bogotá D.C.,Bogotá D.C.,Nacional,Planeación,Español,Nacional,Diaria,2022-04-06
30,23 de diciembre de 2022,23 de diciembre de 2022,5 de noviembre de 2020,Alcaldía de Santa Rosa de Cabal,Alcaldia_de_Santa_Rosa_de_Cabal,Subsecretaria De Bienes Y Servicios,Alcaldía Municipal de Santa Rosa de Cabal,Risaralda,Santa Rosa de Cabal,Territorial,No Aplica,Español,Municipal,Trimestral,2021-03-26
31,29 de septiembre de 2020,29 de septiembre de 2020,29 de septiembre de 2020,Alcaldía de Puerres,datospuerres,Secretaría Administrativa y de Servicios Generales,Alcaldía Municipal de Puerres,Nariño,Puerres,Territorial,No Aplica,Español,Internacional,Anual,2020-09-29
32,8 de julio de 2021,8 de julio de 2021,8 de julio de 2021,Alcaldia municipal de Roldanillo Valle,Alcaldía Municipal de Roldanillo,Secretaria de Desarrollo Institucional,Alcaldía Municipal de Roldanillo,Valle del Cauca,Roldanillo,Territorial,Hacienda y Crédito Público,Español,Municipal,Anual,2021-01-30
33,24 de febrero de 2022,15 de julio de 2022,24 de febrero de 2022,Subgerencia administrativa,Hospital Sagrada Familia E.S.E. Toro Valle,Subgerencia administrativa,E.S.E. Hospital Sagrada Familia Toro Valle,Valle del Cauca,Toro,Territorial,Salud y Protección Social,Español,Municipal,Anual,31-01-2022
34,12 de octubre de 2022,26 de octubre de 2022,12 de octubre de 2022,Empresa Para La Seguridad y Soluciones Urbanas,InfoESU,Empresa Para La segurida y Soluciones Urbanas,Alcaldía Municipal de Medellín,Antioquia,Medellín,Territorial,No Aplica,Español,Municipal,Anual,2021-01-28
35,1 de diciembre de 2021,15 de julio de 2022,24 de junio de 2021,"Empresa de Servicios Públicos de Roldanillo S.A E.S.P,EPR","Empresa de Servicios Públicos de Roldanillo S.A E.S.P,EPR","Coordinación Administrativa, Financiera y Comercial",E.S.P. Aseo Roldanillo S.A.,Valle del Cauca,Roldanillo,Territorial,Función Pública,Español,Municipal,No aplica,2021-06-24
36,26 de diciembre de 2022,1 de noviembre de 2022,6 de septiembre de 2021,Colombia Compra Eficiente,Colombia Compra Eficiente,Subdirección de IDT,Agencia Nacional de Contratación Pública Colombia Compra Eficiente,Bogotá D.C.,Bogotá D.C.,Nacional,Planeación,Español,Nacional,Mensual,2021-09-06
37,26 de mayo de 2020,15 de julio de 2022,7 de marzo de 2020,Alcaldia del municipio de Urumita,Alcaldia Municipal de urumita,Secretaría de Gobierno y Asuntos Administrativos,Alcaldía Municipal de Urumita,La Guajira,Urumita,Territorial,Función Pública,Español,Nacional,Quincenal,2020-03-07
38,28 de diciembre de 2022,20 de septiembre de 2022,3 de marzo de 2022,Colombia Compra Eficiente,Colombia Compra Eficiente,Sub Direccion,Agencia Nacional de Contratación Pública Colombia Compra Eficiente,Cundinamarca,Bogotá D.C.,Nacional,Planeación,Español,Nacional,Semanal,2022-03-03
39,28 de septiembre de 2022,28 de septiembre de 2022,28 de septiembre de 2022,Planeacion,Alcaldia de Guacari,Oficina Tics,Alcaldía Municipal de Guacari,Valle del Cauca,Guacarí,Territorial,Planeación,Español,Nacional,Anual,2022-09-28
40,29 de marzo de 2021,30 de marzo de 2021,29 de marzo de 2021,Organización,Ministerio de Educación Nacional,Unidad de Atención al Ciudadano,Ministerio de Educación Nacional,Bogotá D.C.,Bogotá D.C.,Nacional,Educación,Español,Nacional,Anual,2021-02-23
41,14 de julio de 2022,14 de julio de 2022,14 de julio de 2022,Policía Nacional de Colombia,Dirección de Incorporación - Policía Nacional,Dirección de Incorporación,Dirección General de la Policía Nacional,Bogotá D.C.,Bogotá D.C.,Nacional,Defensa,Español,Nacional,No aplica,2022-07-05
42,30 de agosto de 2019,15 de julio de 2022,30 de agosto de 2019,AlcaldíaSocorroSantander,AlcaldíaSocorroSantander,Secretaria Juridica,Alcaldía Municipal de Socorro,Santander,Socorro,Territorial,Función Pública,Español,Municipal,Anual,2018-12-31
43,11 de diciembre de 2022,11 de diciembre de 2022,11 de diciembre de 2022,Almacén,vistahermosa,Secretaría de Gobierno,Alcaldía Municipal de Vista Hermosa,Meta,Vista Hermosa,Territorial,Función Pública,Español,Municipal,Anual,2022-12-11
44,28 de diciembre de 2022,20 de septiembre de 2022,9 de agosto de 2022,Colombia Compra Eficiente,Colombia Compra Eficiente,Subdirección de IDT,Agencia Nacional de Contratación Pública Colombia Compra Eficiente,Bogotá D.C.,Bogotá D.C.,Nacional,Planeación,Español,Nacional,Diaria,2022-08-09
45,24 de agosto de 2022,24 de agosto de 2022,23 de agosto de 2022,Alcaldía Municipal de La Dorada Caldas,Alcaldía Municipal de La Dorada - Caldas,División Administrativa de Bienes,Alcaldía Municipal de La Dorada,Caldas,La Dorada,Territorial,Función Pública,Español,Municipal,Anual,2022-08-24
46,22 de diciembre de 2020,15 de julio de 2022,18 de diciembre de 2020,Instituto Social de Vivienda y Hábitat de Medellín - ISVIMED,Instituto Social de Vivienda y Hábitat de Medellin,Contratación - Jurídica,Instituto Social de Vivienda de Medellín,Antioquia,Medellín,Territorial,Vivienda Ciudad y Territorio,Español,Municipal,Anual,2020/12/10
47,15 de octubre de 2020,15 de julio de 2022,15 de octubre de 2020,Subred Integrada de servicios de salud Centro Oriente,Subred Integrada de Servicios de Salud Centro Oriente ESE,Subred Integrada de Servicios de Salud Centro Oriente ESE,E.S.E. Hospital Santa Clara,Bogotá D.C.,Bogotá D.C.,Nacional,Salud y Protección Social,Español,Nacional,Anual,2020-10-02
48,3 de junio de 2022,11 de julio de 2022,31 de mayo de 2021,Colombia Compra Eficiente,Colombia Compra Eficiente,Subdirección de IDT,Agencia Nacional de Contratación Pública Colombia Compra Eficiente,Cundinamarca,Bogotá D.C.,Nacional,Planeación,Español,Nacional,Semanal,2021-05-31
49,23 de agosto de 2022,23 de agosto de 2022,22 de agosto de 2022,Universidad del Magdalena,Unimagdalena,Oficina Asesora de Planeación,Universidad del Magdalena,Magdalena,Santa Marta,Territorial,Educación,Español,Nacional,Anual,2022-08-12
50,27 de noviembre de 2020,27 de noviembre de 2020,7 de octubre de 2020,Unidades Tecnológicas de Santander,Unidades Tecnológicas de Santander,Gestión Documental,Unidades Tecnológicas de Santander,Santander,Bucaramanga,Territorial,Educación,Español,Departamental,No aplica,9/10/2020
51,30 de agosto de 2019,15 de julio de 2022,30 de agosto de 2019,AlcaldíaSocorroSantander,AlcaldíaSocorroSantander,Secretaria Juridica,Alcaldía Municipal de Socorro,Santander,Socorro,Territorial,Función Pública,Español,Municipal,Anual,2017-12-31
52,28 de febrero de 2022,9 de diciembre de 2022,24 de agosto de 2021,Plataforma Secop,CORPORACION AUTONOMA REGIONAL DEL GUAVIO,Secretaria General - Oficina de Contratación,Corporación Autónoma Regional del Guavio,Cundinamarca,Gachala,Nacional,Ambiente y Desarrollo Sostenible,Español,Municipal,Anual,2021-08-24
53,24 de mayo de 2022,15 de julio de 2022,24 de mayo de 2022,Alcaldía de Palmira,Alcaldía Municipal de Palmira,Dirección de contratación publica,Alcaldía Municipal de Palmira,Valle del Cauca,Palmira,Territorial,Función Pública,Español,Municipal,Anual,2022-05-24
54,1 de julio de 2021,23 de junio de 2022,1 de julio de 2021,Unidad de Planificación Rural Agropecuaria - UPRA,UPRA,Dirección de ordenamiento de la propiedad y mercado de tierras,"Unidad de Planificación de Tierras Rurales, Adecuación de Tierras y Usos Agropecuarios",Bogotá D.C.,Bogotá D.C.,Nacional,Agricultura y Desarrollo Rural,Español,Nacional,Trienio,2020-03-22
55,7 de diciembre de 2022,7 de diciembre de 2022,8 de julio de 2021,USPEC,USPEC,Oficina Asesora de Planeacion y Desarrollo,Unidad de Servicios Penitenciarios y Carcelarios,Bogotá D.C.,Bogotá D.C.,Nacional,Justicia y del Derecho,Español,Nacional,Mensual,2021-07-08
56,16 de noviembre de 2021,23 de noviembre de 2022,16 de noviembre de 2021,Contraloría General de Antioquia,soporte@cga.gov.co,Dirección de Sistemas de Buen Gobierno y las Tic,Contraloría General de Antioquia,Antioquia,Medellín,Territorial,Organismos de control y vigilancia,Español,Nacional,Anual,2021-09-01
57,20 de octubre de 2020,7 de julio de 2021,20 de octubre de 2020,Institución Universitaria de Envigado,PlaneacionIUE,Planeación,Institución Universitaria de Envigado,Antioquia,Envigado,Territorial,Educación,Español,Municipal,Anual,2020-10-20
58,30 de septiembre de 2022,30 de septiembre de 2022,30 de septiembre de 2022,INVEMAR,INVEMAR,GRUPO DE SISTEMAS Y TELEMÁTICA,Instituto de Investigaciones Marinas y Costeras José Benito Vives de Andréis,Magdalena,Santa Marta,Nacional,Ambiente y Desarrollo Sostenible,Español,Nacional,Anual,2022-09-30
59,30 de noviembre de 2022,30 de noviembre de 2022,30 de noviembre de 2022,Icetex,icetex,GESTION DOCUMENTAL,Instituto Colombiano de Crédito Educativo y Estudios Técnicos en el Exterior Mariano Ospina Pérez,Bogotá D.C.,Bogotá D.C.,Nacional,Educación,Español,Nacional,Anual,2022-09-24
60,22 de junio de 2022,22 de junio de 2022,22 de junio de 2022,Departamento Administrativo de la Función Pública,Laboratorio de Innovación Pública de Manizales,Laboratorio de Innovación,Alcaldía Municipal de Manizales,Caldas,Manizales,Territorial,Función Pública,Español,Municipal,Anual,2022-06-22
61,21 de octubre de 2019,15 de julio de 2022,21 de octubre de 2019,UNIDAD NACIONAL DE PROTECCIÓN,UNP,UNIDAD NACIONAL DE PROTECCIÓN,Unidad Nacional de Protección,Bogotá D.C.,Bogotá D.C.,Nacional,Interior,Español,Nacional,Anual,2019-08-15
62,6 de marzo de 2019,15 de julio de 2022,6 de marzo de 2019,ALCALDIA CHOACHI,ALCALDIA CHOACHI,GOBIERNO,Alcaldía Municipal de Choachí,Cundinamarca,Choachí,Territorial,Trabajo,Español,Departamental,Anual,2019-02-28
63,7 de julio de 2020,15 de julio de 2022,7 de julio de 2020,EMPRESA DE ASEO DE BUCARAMANGA EMAB S.A. E.S.P.,EMPRESA DE ASEO DE BUCARAMANGA EMAB S.A. E.S.P.,Secretaria General - Recurso Humano,Empresa de Aseo de Bucaramanga S.A. E.S.P.,Santander,Bucaramanga,Nacional,No Aplica,Español,Municipal,No aplica,2020-06-25
64,8 de marzo de 2022,15 de julio de 2022,18 de junio de 2020,Alcaldía municipal de Suesca,Alcaldía Municipal de Suesca,Secretaría de Gobierno,Concejo Municipal de Suesca,Cundinamarca,Suesca,Territorial,Función Pública,Español,Municipal,Semestral,2020 02 02
65,10 de junio de 2020,15 de julio de 2022,13 de julio de 2016,Alcaldía Municipal de Urumita La Guajira,Alcaldia Municipal de urumita,ALCALDIA MUNICIPAL DE URUMITA,Alcaldía Municipal de Urumita,La Guajira,Urumita,Territorial,Función Pública,Español,Municipal,Mensual,2020-06-10
66,13 de marzo de 2019,15 de julio de 2022,13 de marzo de 2019,Organizacion,ALCALDÍA MUNICIPAL DE EL PASO CESAR,Secretaria General,Alcaldía Municipal de El Paso,Cesar,El Paso,Territorial,Trabajo,Español,Nacional,Anual,31-01-2018
67,14 de diciembre de 2020,15 de julio de 2022,14 de diciembre de 2020,Alcaldía Municipal de Oiba,Alcaldía Municipal de Oiba,ALCALDIA MUNICIPAL DE OIBA - SANTANDER,Alcaldía Municipal de Oiba,Santander,Oiba,Territorial,No Aplica,Español,Municipal,Anual,2020/12/14
68,13 de octubre de 2020,15 de julio de 2022,13 de octubre de 2020,Jenesano - Boyacá,Jenesano - Boyacá,SECRETARIA GENERAL,Alcaldía Municipal de Jenesano,Boyacá,Jenesano,Territorial,Función Pública,Español,Municipal,Semestral,13/10/2020
69,7 de mayo de 2019,15 de julio de 2022,7 de mayo de 2019,Alcaldía Municipal de Pasto,alcaldiapasto,Departamento Administrativo de contratación publica,Alcaldía Municipal de Pasto,Nariño,Pasto,Territorial,Función Pública,Español,Municipal,Anual,07/05/2019
70,13 de marzo de 2019,15 de julio de 2022,13 de marzo de 2019,Organización,ALCALDÍA MUNICIPAL DE EL PASO CESAR,Secretaria General,Alcaldía Municipal de El Paso,Cesar,El Paso,Territorial,Trabajo,Español,Internacional,Anual,31-01-2018
71,28 de diciembre de 2022,24 de junio de 2022,30 de noviembre de 2021,Colombia Compra Eficiente,Colombia Compra Eficiente,Subdirección de IDT,Agencia Nacional de Contratación Pública Colombia Compra Eficiente,Cundinamarca,Bogotá D.C.,Nacional,Planeación,Español,Nacional,Diaria,2021-11-30
72,28 de diciembre de 2022,15 de julio de 2022,7 de octubre de 2021,Procuraduría General de la Nación,datosabiertos@procuraduria.gov.co,Oficina Jurídica,Procuraduría General de la Nación,Bogotá D.C.,Bogotá D.C.,Nacional,Organismos de control y vigilancia,Español,Internacional,Diaria,2019-02-01
73,28 de diciembre de 2022,7 de diciembre de 2022,30 de mayo de 2017,Colombia Compra Eficiente,Colombia Compra Eficiente,Subdiracción de IDT,Agencia Nacional de Contratación Pública Colombia Compra Eficiente,Bogotá D.C.,Bogotá D.C.,Nacional,Planeación,Español,Nacional,Semanal,2017-05-30
74,14 de noviembre de 2020,15 de julio de 2022,14 de noviembre de 2020,Alcaldía de Vista Hermosa,vistahermosa,Secretaría de obras públicas,Alcaldía Municipal de Vista Hermosa,Meta,Vista Hermosa,Territorial,Función Pública,Español,Municipal,Trimestral,14/11/2020
75,12 de noviembre de 2020,15 de julio de 2022,12 de noviembre de 2020,Hospital rosario Pumarejo de López,Hospital Rosario Pumarejo de López,Planeación,E.S.E. Hospital Rosario Pumarejo López,Cesar,Valledupar,Territorial,Salud y Protección Social,Español,Departamental,Anual,29/09/2020
76,11 de octubre de 2020,15 de julio de 2022,2 de octubre de 2020,ALCADIA MUNICIPAL-LA PAZ SANTANDER,Alcaldía de La Paz- Santander,ADMINISTRATIVA,Alcaldía Municipal de La Paz Santander,Santander,La Paz,Nacional,No Aplica,Español,Nacional,Anual,2020-01-01
77,24 de agosto de 2022,10 de octubre de 2022,29 de octubre de 2019,Colombia Compra Eficiente,Colombia Compra Eficiente,Subdirección de IDT,Agencia Nacional de Contratación Pública Colombia Compra Eficiente,Bogotá D.C.,Bogotá D.C.,Nacional,Planeación,Español,Nacional,Semanal,2019-10-29
78,23 de mayo de 2022,6 de abril de 2020,6 de abril de 2020,Colombia Compra Eficiente,Colombia Compra Eficiente,Subdirección de IDT,Agencia Nacional de Contratación Pública Colombia Compra Eficiente,Bogotá D.C.,Bogotá D.C.,Nacional,Planeación,Español,Nacional,Diaria,2020-03-06
79,12 de septiembre de 2022,27 de julio de 2022,8 de enero de 2019,Colombia Compra Eficiente,Colombia Compra Eficiente,Subdirección de IDT,Agencia Nacional de Contratación Pública Colombia Compra Eficiente,Bogotá D.C.,Bogotá D.C.,Nacional,Planeación,Español,Nacional,Semanal,2019-01-08
80,25 de mayo de 2022,25 de mayo de 2022,4 de abril de 2019,Alcaldía de Neiva,Secretaria TIC,Oficina de Contratación,Alcaldía Municipal de Neiva,Huila,Neiva,Territorial,Función Pública,Español,Municipal,Trimestral,2022-05-12
81,12 de noviembre de 2020,15 de julio de 2022,12 de noviembre de 2020,SECRETARÍA DE SALUD,GOBERNACIÓN DEL CAQUETÁ,Dirección de las TIC,Gobernación del Caquetá,Caquetá,Florencia,Territorial,Organismos de control y vigilancia,Español,Departamental,Anual,12/11/2020
82,2 de febrero de 2021,17 de agosto de 2022,2 de febrero de 2021,Gobernación del Valle del Cauca,"Unidad Administrativa Especial de Impuestos, Rentas y Gestión Tributaria del Valle del Cauca","Unidad Administrativa Especial de Impuestos, Rentas y Gestión Tributaria",Gobernación del Valle del Cauca,Valle del Cauca,Cali,Territorial,Hacienda y Crédito Público,Español,Departamental,Anual,2020/08/26
83,13 de noviembre de 2020,13 de noviembre de 2020,15 de octubre de 2020,EMPRESA SOCIAL DEL ESTADO HOSPITAL SAN FELIX,ESEHOSPITALSANFELIX,Ministerio de Salud y Protección Social,E.S.E. Hospital San Félix La Dorada,Caldas,La Dorada,Territorial,Salud y Protección Social,Español,Municipal,Anual,2020-11-13
84,16 de octubre de 2019,15 de julio de 2022,16 de octubre de 2019,Instituto de Cultura y Turismo de Manizales,Instituto de Cultura y Turismo de Manizales,Financiera,Instituto de Cultura y Turismo de Manizales,Caldas,Manizales,Territorial,Cultura,Español,Municipal,Semestral,2019-16-10
85,30 de septiembre de 2019,15 de julio de 2022,30 de septiembre de 2019,emrueic,emrueic,Administración,Empresa Municipal de Renovación Urbana del Municipio de Santiago de Cali,Valle del Cauca,Cali,Territorial,Planeación,Español,Municipal,No aplica,2019-09-30
86,31 de octubre de 2022,31 de octubre de 2022,17 de septiembre de 2020,Cámara de Representantes,Cámara de Representantes,Planeacion y Sistemas,Cámara de Representantes,Bogotá D.C.,Bogotá D.C.,Nacional,Función Pública,Español,Nacional,Mensual,2022-03-24
87,11 de agosto de 2022,11 de agosto de 2022,9 de agosto de 2017,ICBF Centro Zonal Acacias,Alcaldia - Acacias,Alcaldía Municipal de Acacías,Instituto Colombiano de Bienestar Familiar,Meta,Acacias,Territorial,Salud y Protección Social,Español,Municipal,Anual,2017-08-04
88,23 de abril de 2019,23 de abril de 2019,19 de marzo de 2019,Sia Observa,Indeportes Quindio,Area Administrativa y Financiera,Instituto Departamental de Deporte y Recreación del Quindío Iderqui,Quindío,Armenia,Territorial,Deporte y recreación,Español,Departamental,Anual,2019-03-19
89,3 de agosto de 2021,23 de noviembre de 2022,3 de agosto de 2021,Contraloria General de Antioquia,soporte@cga.gov.co,Dirección de Sistemas de Buen Gobierno y las Tic,Contraloría General de Antioquia,Antioquia,Medellín,Territorial,Organismos de control y vigilancia,Español,Nacional,Mensual,2021-08-03
90,7 de diciembre de 2022,7 de diciembre de 2022,15 de junio de 2020,Contraloría Municipal de Itagüí,Contraloría Municipal de Itagüí,Contraloría Municipal de Itagüí,Contraloría Municipal de Itagüí,Antioquia,Itagui,Territorial,Organismos de control y vigilancia,Español,Municipal,Mensual,2020-06-15
91,9 de septiembre de 2021,23 de noviembre de 2022,9 de septiembre de 2021,Contraloría General de Antioquia,soporte@cga.gov.co,Dirección de Sistemas de Buen Gobierno y las Tic,Contraloría General de Antioquia,Antioquia,Medellín,Territorial,Organismos de control y vigilancia,Español,Nacional,Mensual,2021-09-06
92,20 de septiembre de 2022,20 de septiembre de 2022,22 de febrero de 2022,Laboratorio de Innovación Pública de Manizales,Laboratorio de Innovación Pública de Manizales,Laboratorio de Innovación Pública,Alcaldía Municipal de Manizales,Caldas,Manizales,Territorial,Vivienda Ciudad y Territorio,Español,Municipal,Semanal,2021-02-01
93,3 de septiembre de 2021,15 de julio de 2022,10 de septiembre de 2017,Ministerio de Tecnologías de la Información y las Comunicaciones,Ministerio TIC Oficina TI Gestión de Informacion,Dirección de Infraestructura,Ministerio de Tecnologías de La Información y Las Comunicaciones,Bogotá D.C.,Bogotá D.C.,Nacional,Tecnologías de la Información y las Comunicaciones,Español,Nacional,No aplica,2017-07-31
94,27 de diciembre de 2022,27 de diciembre de 2022,1 de marzo de 2017,Empresas Publicas de Medellín,EPM,Empresas Publicas de Medellín,Empresas Publicas de Medellín,Antioquia,Medellín,Territorial,Función Pública,Empresas Publicas de Medellín,Español,Departamental,Semanal
95,10 de diciembre de 2020,15 de julio de 2022,10 de diciembre de 2020,Alcaldía Municipal de Oiba,Alcaldía Municipal de Oiba,Contratación,Alcaldía Municipal de Oiba,Santander,Oiba,Territorial,Función Pública,Español,Municipal,Anual,2020/12/10
96,17 de diciembre de 2020,15 de julio de 2022,17 de diciembre de 2020,Alcaldía Municipal de Oiba,Alcaldía Municipal de Oiba,Contratación,Alcaldía Municipal de Oiba,Santander,Oiba,Territorial,Función Pública,Español,Municipal,Anual,2020/12/17
97,3 de junio de 2022,15 de julio de 2022,3 de junio de 2022,SECRETARÍA DE SALUD DEPARTAMENTAL,GOBERNACIÓN DEL CAQUETÁ,Dirección de las TIC,Gobernación del Caquetá,Caquetá,Florencia,Territorial,Salud y Protección Social,Español,Departamental,Anual,03/06/2022
98,11 de noviembre de 2021,23 de noviembre de 2022,11 de noviembre de 2021,Contraloría General de Antioquia,soporte@cga.gov.co,Dirección de Sistemas de Buen Gobierno y las Tic,Contraloría General de Antioquia,Antioquia,Medellín,Territorial,Organismos de control y vigilancia,Español,Nacional,Mensual,2021-11-10
99,13 de diciembre de 2021,23 de noviembre de 2022,13 de diciembre de 2021,Contraloría General de Antioquia,soporte@cga.gov.co,Dirección de Sistemas de Buen Gobierno y las Tic,Contraloría General de Antioquia,Antioquia,Medellín,Territorial,Organismos de control y vigilancia,Español,Nacional,Mensual,2021-12-10
100,22 de noviembre de 2020,15 de julio de 2022,30 de mayo de 2019,Secretaria de Infraestructura y Valorización,Gobernación del Valle del Cauca,secretaria de infraestructura y valorización,Gobernación del Valle del Cauca,Valle del Cauca,Cali,Territorial,Transporte,Español,Departamental,Anual,2019-05-30
101,19 de julio de 2022,19 de julio de 2022,13 de agosto de 2020,AGUAS NACIONALES EPM S.A. E.S.P.,AGUAS NACIONALES EPM S.A. E.S.P.,AGUAS NACIONALES EPM S.A. E.S.P.,E.S.P. Aguas Nacionales Epm S.A.,Chocó,Quibdó,Territorial,Función Pública,Español,Departamental,Mensual,2020-08-13
102,18 de febrero de 2021,15 de julio de 2022,6 de enero de 2021,"Empresa Comunitaria de Acueducto, alcantarillado y Aseo de Saravena ECAAAS-ESP","Empresa Comunitaria de Acueducto, Alcantarillado y Aseo de Saravena Ecaaas-Esp",Talento Humano,"Empresa Comunitaria Acueducto, Alcantarillado y Aseo Saravena – Arauca",Arauca,Saravena,Nacional,Trabajo,Español,Nacional,Semestral,2021-01-04
103,15 de abril de 2020,15 de julio de 2022,15 de abril de 2020,Universidad del Quindio,Universidad del Quindio,Oficina de Planeacion y Desarrollo,Universidad del Quindío,Quindío,Armenia,Territorial,Educación,Español,Departamental,Semestral,2020-04-15
104,3 de noviembre de 2021,3 de noviembre de 2021,3 de noviembre de 2021,Emserchia E.S.P.,Emserchia,Sistemas,Emserchia - Empresa de Servicios Públicos de Chía,Cundinamarca,Chía,Territorial,Ambiente y Desarrollo Sostenible,Español,Municipal,No aplica,2021/09/04
105,24 de mayo de 2022,15 de julio de 2022,20 de enero de 2022,USIESE,USIESE,CONTRATACION,E.S.E. Unidad de Salud de Ibagué Usi,Tolima,Ibagué,Territorial,Salud y Protección Social,Español,Municipal,Semestral,2021-07-9
106,14 de diciembre de 2021,15 de julio de 2022,14 de diciembre de 2021,Alcaldía de San Pablo de Borbur,Alcaldia San Pablo de Borbur,Secretaria General y de Gobierno,Alcaldía Municipal de San Pablo de Borbur,Boyacá,San Pablo de Borbur,Territorial,Función Pública,Español,Municipal,Anual,2021-11-11
107,10 de octubre de 2022,10 de octubre de 2022,28 de octubre de 2021,Isvimed,Instituto Social de Vivienda y Hábitat de Medellin,Subdirección jurídica,Instituto Social de Vivienda de Medellín,Antioquia,Medellín,Territorial,Vivienda Ciudad y Territorio,Español,Municipal,Trimestral,2021-10-24
108,20 de octubre de 2022,17 de septiembre de 2021,30 de septiembre de 2020,Departamento Administrativo de la Función Pública,Datos Abiertos Función Pública,Dirección de Empleo Público,Departamento Administrativo de la Función Pública,Bogotá D.C.,Bogotá D.C.,Nacional,Función Pública,Español,Nacional,Trimestral,2020-07-07
109,27 de diciembre de 2021,15 de julio de 2022,27 de diciembre de 2021,Alcaldia Gualmatan,Alcaldia Gualmatan,Dirección Local de Salud,Alcaldía Municipal de Gualmatán,Nariño,Gualmatán,Territorial,Salud y Protección Social,Español,Nacional,Anual,2021-12-27
110,16 de septiembre de 2020,15 de julio de 2022,14 de septiembre de 2020,lmedina,lmedina,Contratista: Unión Temporal Ipsos - Ítaca,Ministerio de Tecnologías de La Información y Las Comunicaciones,Bogotá D.C.,Bogotá D.C.,Nacional,Tecnologías de la Información y las Comunicaciones,Español,Nacional,Trienio,2019-12-27
111,16 de septiembre de 2020,15 de julio de 2022,14 de septiembre de 2020,lmedina,lmedina,Contratista: Unión Temporal Ipsos - Ítaca,Ministerio de Tecnologías de La Información y Las Comunicaciones,Bogotá D.C.,Bogotá D.C.,Nacional,"Ciencia, Tecnología e innovación",Español,Nacional,Trienio,2019-12-27
112,24 de mayo de 2022,15 de julio de 2022,24 de mayo de 2022,Alcaldía de Palmira,Alcaldía Municipal de Palmira,Direccion de contratacion publica,Alcaldía Municipal de Palmira,Valle del Cauca,Palmira,Territorial,Función Pública,Español,Municipal,Anual,2022-05-24
113,30 de enero de 2020,15 de julio de 2022,30 de enero de 2020,ICBF,analiticaicbf,DIRECCIÓN DE CONTRATACIÓN,Instituto Colombiano de Bienestar Familiar,Bogotá D.C.,Bogotá D.C.,Nacional,Inclusión Social y Reconciliación,Español,Nacional,No aplica,2020-01-30
114,24 de mayo de 2022,15 de julio de 2022,24 de mayo de 2022,Alcaldía de Palmira,Alcaldía Municipal de Palmira,Direccion de contratacion publica,Alcaldía Municipal de Palmira,Valle del Cauca,Palmira,Territorial,Función Pública,Español,Municipal,Anual,2022-05-24
115,10 de octubre de 2022,10 de octubre de 2022,10 de octubre de 2022,Universidad del Quindío,Universidad del Quindio,Oficina de Planeación y Desarrollo,Universidad del Quindío,Quindío,Armenia,Territorial,Educación,Español,Departamental,Semestral,2022-10-10
116,9 de noviembre de 2022,9 de noviembre de 2022,3 de octubre de 2018,Dirección de Empleo Público,Datos Abiertos Función Pública,Dirección de Empleo Público,Departamento Administrativo de la Función Pública,Bogotá D.C.,Bogotá D.C.,Nacional,Función Pública,Español,Nacional,Trimestral,2018-07-01
117,4 de noviembre de 2022,4 de noviembre de 2022,16 de junio de 2021,Dirección de Empleo Público,Datos Abiertos Función Pública,Dirección de Empleo Público,Departamento Administrativo de la Función Pública,Bogotá D.C.,Bogotá D.C.,Nacional,Función Pública,Español,Nacional,Trimestral,2021-06-17
118,11 de noviembre de 2022,11 de noviembre de 2022,30 de septiembre de 2020,Departamento Administrativo de la Función Pública,Datos Abiertos Función Pública,Dirección de Empleo Público,Departamento Administrativo de la Función Pública,Bogotá D.C.,Bogotá D.C.,Nacional,Función Pública,Español,Nacional,Trimestral,2020-06-30
119,14 de diciembre de 2022,14 de diciembre de 2022,28 de septiembre de 2018,Dirección de Empleo Público,Datos Abiertos Función Pública,Dirección de Empleo Público,Departamento Administrativo de la Función Pública,Bogotá D.C.,Bogotá D.C.,Nacional,Función Pública,Español,Nacional,Anual,2019-06-01
120,20 de abril de 2022,9 de diciembre de 2021,8 de octubre de 2018,Dirección de Empleo Público,Datos Abiertos Función Pública,Dirección de Empleo Público,Departamento Administrativo de la Función Pública,Bogotá D.C.,Bogotá D.C.,Nacional,Función Pública,Español,Nacional,Anual,2017-01-01
121,5 de diciembre de 2022,15 de septiembre de 2021,8 de octubre de 2018,Dirección de Empleo Público,Datos Abiertos Función Pública,Dirección de Empleo Público,Departamento Administrativo de la Función Pública,Bogotá D.C.,Bogotá D.C.,Nacional,Función Pública,Español,Nacional,Semestral,2018-03-01
122,15 de diciembre de 2022,15 de diciembre de 2022,15 de diciembre de 2022,Departamento Administrativo de la Función Pública,Datos Abiertos Función Pública,Dirección de participación transparencia y servicio al ciudadano,Departamento Administrativo de la Función Pública,Bogotá D.C.,Bogotá D.C.,Nacional,Función Pública,Español,Nacional,Trimestral,2022-12-15
123,6 de octubre de 2022,15 de julio de 2022,19 de septiembre de 2017,Superintendencia de Servicios Públicos Domiciliarios,Superintendencia de Servicios Públicos Domiciliarios,Delegada de energía y gas,Superintendencia de Servicios Públicos Domiciliarios,Bogotá D.C.,Bogotá D.C.,Nacional,Planeación,Español,Nacional,Anual,2003-01-01
124,24 de mayo de 2022,15 de julio de 2022,22 de septiembre de 2020,GobiernoDigital,GobiernoDigital,Dirección de Gobierno Digital,Ministerio de Tecnologías de La Información y Las Comunicaciones,Bogotá D.C.,Bogotá D.C.,Nacional,Tecnologías de la Información y las Comunicaciones,Español,Municipal,Anual,2020-09-22
125,5 de diciembre de 2022,5 de diciembre de 2022,15 de marzo de 2019,Departamento Administrativo de la Función Pública,Datos Abiertos Función Pública,Dirección de Desarrollo Organizacional,Departamento Administrativo de la Función Pública,Bogotá D.C.,Bogotá D.C.,Nacional,Función Pública,Español,Nacional,Trimestral,2019-01-01
126,16 de junio de 2022,6 de diciembre de 2021,15 de septiembre de 2020,Departamento Administrativo de la Función Pública,Datos Abiertos Función Pública,Dirección de Gestión y Desempeño Institucional,Departamento Administrativo de la Función Pública,Bogotá D.C.,Bogotá D.C.,Nacional,Función Pública,Español,Nacional,Anual,2020-03-17
127,22 de febrero de 2020,15 de julio de 2022,22 de febrero de 2020,GobiernoDigital,GobiernoDigital,Dirección de Gobierno Digital,Ministerio de Tecnologías de La Información y Las Comunicaciones,Bogotá D.C.,Bogotá D.C.,Nacional,Tecnologías de la Información y las Comunicaciones,Español,Nacional,Anual,2020-02-24
128,1 de julio de 2022,26 de julio de 2022,17 de junio de 2021,Departamento Administrativo de la Función Pública,Datos Abiertos Función Pública,Dirección de Gestión y Desempeño Institucional,Departamento Administrativo de la Función Pública,Bogotá D.C.,Bogotá D.C.,Nacional,Función Pública,Español,Nacional,Anual,2021-06-18
129,14 de diciembre de 2022,14 de diciembre de 2022,14 de diciembre de 2022,Departamento Administrativo de la Función Pública,Datos Abiertos Función Pública,Dirección de participación transparencia y servicio al ciudadano,Departamento Administrativo de la Función Pública,Bogotá D.C.,Bogotá D.C.,Nacional,Función Pública,Español,Nacional,Trimestral,2022-12-14
130,22 de febrero de 2020,15 de julio de 2022,22 de febrero de 2020,GobiernoDigital,GobiernoDigital,Dirección de Gobierno Digital,Ministerio de Tecnologías de La Información y Las Comunicaciones,Bogotá D.C.,Bogotá D.C.,Nacional,Tecnologías de la Información y las Comunicaciones,Español,Municipal,Anual,2020-02-24
131,22 de febrero de 2022,15 de julio de 2022,18 de diciembre de 2020,Departamento Administrativo de la Función Pública,Datos Abiertos Función Pública,"Dirección de Participación,Transparencia y Servicio al Ciudadano",Departamento Administrativo de la Función Pública,Bogotá D.C.,Bogotá D.C.,Nacional,Función Pública,Español,Nacional,Mensual,2020-12-18
132,5 de diciembre de 2022,20 de octubre de 2022,23 de octubre de 2018,"Dirección de Participación,Transparencia y Servicio al Ciudadano",Datos Abiertos Función Pública,"Dirección de Participación,Transparencia y Servicio al Ciudadano",Departamento Administrativo de la Función Pública,Bogotá D.C.,Bogotá D.C.,Nacional,Función Pública,Español,Nacional,Mensual,2018-09-01
133,5 de junio de 2022,7 de junio de 2022,5 de junio de 2022,Sistema Integrado de Transporte de Valledupar,Sistema Integrado de Transporte de Valledupar - SIVA,Área de Infraestructura,Sistema Integrado de Transporte de Valledupar,Cesar,Valledupar,Territorial,Transporte,Español,Municipal,Anual,2022-06-03
134,6 de noviembre de 2020,15 de julio de 2022,6 de noviembre de 2020,Urna de Cristal,urnadecristal,Urna de Cristal,Ministerio de Tecnologías de La Información y Las Comunicaciones,Bogotá D.C.,Bogotá D.C.,Nacional,Trabajo,Español,Nacional,No aplica,2020-11-06
135,8 de septiembre de 2022,8 de septiembre de 2022,14 de diciembre de 2018,Secretaria Administrativa y Financiera,Alcaldia - Acacias,Alcaldía Municipal Acacias,Alcaldía Municipal de Acacias,Meta,Acacias,Territorial,Función Pública,Español,Municipal,Anual,14/12/2018
136,14 de julio de 2016,15 de julio de 2022,14 de julio de 2016,Contraloría Departamental de Cauca,Contraloría General del Cauca,CONTRALORIA DEPARTAMENTAL DE CAUCA,Contraloría Departamental del Cauca,Cauca,Popayán,Territorial,No Aplica,Español,Nacional,Quincenal,2015-07-29
137,3 de noviembre de 2021,3 de noviembre de 2021,7 de julio de 2020,EMPRESA DE ASEO DE BUCARAMANGA EMAB S.A. E.S.P.,EMPRESA DE ASEO DE BUCARAMANGA EMAB S.A. E.S.P.,Secretaria General - Recurso Humano,Empresa de Aseo de Bucaramanga S.A. E.S.P.,Santander,Bucaramanga,Nacional,No Aplica,Español,Municipal,No aplica,2020-06-25
138,10 de septiembre de 2020,15 de julio de 2022,10 de septiembre de 2020,Andres Felipe Hernandez Yusti,Andres Felipe Hernandez Yusti,CONTRATACIÓN,Alcaldía Municipal de Mapiripán,Meta,Mapiripán,Territorial,Función Pública,Español,Municipal,Semestral,2020-09-10
139,1 de septiembre de 2021,15 de julio de 2022,14 de julio de 2016,Ministerio de Relaciones Exteriores,MINISTERIO DE RELACIONES EXTERIORES,Ministerio de Relaciones Exteriores,Ministerio de Relaciones Exteriores,Bogotá D.C.,Bogotá D.C.,Nacional,Relaciones Exteriores,Español,Nacional,Mensual,2016-05-18
140,28 de agosto de 2019,15 de julio de 2022,28 de agosto de 2019,Secretaria General,alcaldiaapartado,Secretaria General,Alcaldía Municipal de Apartadó,Antioquia,Apartadó,Territorial,Función Pública,Español,Municipal,Anual,2019-08-28
141,20 de marzo de 2018,20 de marzo de 2018,20 de marzo de 2018,Alcaldía Minicipio de Chiquinquirá,Municipio de Chiquinquirá,Talento Humano,Alcaldía Municipal de Chiquinquirá,Boyacá,Chiquinquirá,Territorial,Función Pública,Español,Municipal,Trimestral,2018-03-20
142,26 de mayo de 2020,26 de mayo de 2020,26 de mayo de 2020,Oficina de Talento Humano,Alcaldialajagua,Oficina de las Tics,Alcaldía Municipal de La Jagua de Ibirico,Cesar,La Jagua de Ibirico,Territorial,Función Pública,Español,Municipal,Anual,2020-05-26
143,27 de diciembre de 2022,27 de diciembre de 2022,14 de julio de 2016,Alcaldía Municipal de San José Del Guaviare,Alcaldía Municipal de San José del Guaviare,Secretaría Administrativa y Desarrollo Social,Alcaldía Municipal de San José del Guaviare,Guaviare,San José del Guaviare,Territorial,Planeación,Español,Nacional,Anual,2015-10-15
144,7 de octubre de 2020,7 de octubre de 2020,7 de octubre de 2020,Alcaldía de Pasto,alcaldiapasto,Talento humano - Subsecretaría de Sistemas de Información.,Alcaldía Municipal de Pasto,Nariño,Pasto,Territorial,Función Pública,Español,Municipal,Semestral,2020/10/07
145,23 de marzo de 2021,15 de julio de 2022,23 de marzo de 2021,Alcaldía Municipal de Yotoco,Alcaldia Municipal de Yotoco,OFICINA TIC,Alcaldía Municipal de Yotoco,Valle del Cauca,Yotoco,Nacional,Estadísticas,Español,Nacional,Anual,2021-03-23
146,9 de junio de 2020,9 de junio de 2020,26 de julio de 2017,Gobernación del Amazonas,Gobernacion del Amazonas,Desarrollo Institucional - Talento Humano,Gobernación del Amazonas,Amazonas,Leticia,Territorial,Función Pública,Español,Departamental,Anual,26/07/2017
147,14 de marzo de 2019,15 de julio de 2022,14 de marzo de 2019,Gobernacion del Quindio,GOBERNACION DEL QUINDIO,Gobernacion del Quindio,Gobernación del Quindío,Quindío,Armenia,Territorial,Función Pública,Español,Departamental,Anual,2019-02-02
148,19 de octubre de 2021,15 de julio de 2022,19 de octubre de 2021,Alcaldía Municipal de Firavitoba 2020-2023,TIC FIRAVITOBA,Gobierno Digital,Alcaldía Municipal de Firavitoba,Boyacá,Firavitoba,Territorial,Función Pública,Español,Municipal,Anual,2021-10-19
149,5 de octubre de 2020,5 de octubre de 2020,5 de octubre de 2020,Idaco,IDACO,GOBERNACION DE CUNDINAMARCA,Gobernación de Cundinamarca,Bogotá D.C.,Bogotá D.C.,Nacional,No Aplica,Español,Departamental,Anual,2020/10/05
150,9 de septiembre de 2022,9 de septiembre de 2022,24 de noviembre de 2016,Alcaldía Municipal de Envigado,Municipio de Envigado,Alcaldía Municipal de Envigado,Alcaldía Municipal de Envigado,Antioquia,Envigado,Territorial,Función Pública,Español,Municipal,Anual,2016-11-24
151,4 de septiembre de 2020,15 de julio de 2022,13 de agosto de 2020,Alcaldía Municipal de Guadalajara de Buga,Alcaldía Municipal de Guadalajara de Buga,Oficina TIC,Alcaldía Municipal de Guadalajara de Buga,Valle del Cauca,Guadalajara de Buga,Territorial,Función Pública,Español,Nacional,Anual,2020-08-13
152,19 de diciembre de 2022,19 de diciembre de 2022,13 de julio de 2016,Gobernación de Antioquia,Gobernación de Antioquia,Oficina de Comunicaciones,Gobernación de Antioquia,Antioquia,Medellín,Territorial,No Aplica,Español,Nacional,Anual,2014-09-22
153,10 de febrero de 2021,15 de julio de 2022,27 de agosto de 2020,Alcaldía Municipal de Guadalajara de Buga,Alcaldía Municipal de Guadalajara de Buga,Oficina TIC,Alcaldía Municipal de Guadalajara de Buga,Valle del Cauca,Guadalajara de Buga,Territorial,Función Pública,Español,Nacional,Anual,2020/08/27
154,8 de enero de 2021,15 de julio de 2022,8 de enero de 2021,CONCEJO PEREIRA,CONCEJO PEREIRA,CONCEJO PEREIRA,Concejo Municipal de Pereira,Risaralda,Pereira,Territorial,Función Pública,Español,Municipal,No aplica,2018-01-01
155,13 de julio de 2016,15 de julio de 2022,13 de julio de 2016,Gobernación de Meta,Gobernación del Meta,GOBERNACIÓN DEL META,Gobernación del Meta,Meta,Villavicencio,Territorial,No Aplica,Español,Nacional,Anual,2013-08-08
156,16 de marzo de 2020,16 de marzo de 2020,11 de marzo de 2020,Secretaria General,Alcaldia del Municipio de Arauca,Secretaria General,Alcaldía Municipal de Arauca,Arauca,Arauca,Territorial,Función Pública,Español,Municipal,Anual,2020-03-16
157,15 de abril de 2020,15 de abril de 2020,15 de abril de 2020,Universidad del Quindio,Universidad del Quindio,Oficina de Planeacion y Desarrollo,Universidad del Quindío,Quindío,Armenia,Territorial,Educación,Español,Departamental,Semestral,2020-04-15
158,22 de agosto de 2019,15 de julio de 2022,22 de agosto de 2019,Datos Abiertos Personeria de Medellin,Datos Abiertos Personeria de Medellin,Oficina de Planeacion,Personería Municipal de Medellín,Antioquia,Medellín,Territorial,Organismos de control y vigilancia,Español,Municipal,No aplica,2019-08-22
159,22 de agosto de 2019,15 de julio de 2022,22 de agosto de 2019,Datos Abiertos Personeria de Medellin,Datos Abiertos Personeria de Medellin,Oficina de Planeacion,Personería Municipal de Medellín,Antioquia,Medellín,Territorial,Justicia y del Derecho,Español,Municipal,No aplica,2019-08-22
160,22 de agosto de 2019,15 de julio de 2022,22 de agosto de 2019,Individual,Datos Abiertos Personeria de Medellin,Oficina de Planeacion,Personería Municipal de Medellín,Antioquia,Medellín,Territorial,Organismos de control y vigilancia,Español,Municipal,No aplica,2019-08-22
161,7 de julio de 2022,15 de julio de 2022,5 de noviembre de 2021,Ministerio del Deporte,Ministerio del Deporte,Servicio al Ciudadano,Ministerio del Deporte,Bogotá D.C.,Bogotá D.C.,Nacional,Deporte y recreación,Español,Nacional,Anual,2021-11-05
162,23 de noviembre de 2020,23 de noviembre de 2020,23 de noviembre de 2020,Universidad del Quindio,Universidad del Quindio,Oficina Asesora de Planeacion y Desarrollo,Universidad del Quindío,Quindío,Armenia,Territorial,Educación,Español,Departamental,Semestral,2020-11-23
163,2 de agosto de 2022,30 de agosto de 2022,31 de marzo de 2021,Universidad del Magdalena,Unimagdalena,Oficina Asesora de Planeación,Universidad del Magdalena,Magdalena,Santa Marta,Territorial,Educación,Español,Nacional,Anual,2021-03-30
164,11 de abril de 2020,15 de julio de 2022,11 de abril de 2020,Individual,Datos Abiertos Personeria de Medellin,Oficina de Planeacion,Personería Municipal de Medellín,Antioquia,Medellín,Nacional,Organismos de control y vigilancia,Español,Nacional,No aplica,2020-04-11
165,21 de mayo de 2019,14 de octubre de 2020,21 de mayo de 2019,Alcaldía de Neiva,Secretaria TIC,Secretaría de Movilidad,Alcaldía Municipal de Neiva,Huila,Neiva,Territorial,Función Pública,Español,Municipal,Anual,2019-05-21
166,27 de febrero de 2022,27 de febrero de 2022,18 de mayo de 2021,Secretaría de Salud y Ambiente Municipal,AlcaldiaBGA,Secretaría de Salud y Ambiente Municipal,Alcaldía Municipal de Bucaramanga,Santander,Bucaramanga,Territorial,Salud y Protección Social,Español,Municipal,Semestral,2019-08-16
167,22 de diciembre de 2021,15 de julio de 2022,22 de diciembre de 2021,Alcaldia La Calera,Alcaldia La Calera,secretaria de Gobierno,Alcaldía Municipal de La Calera,Cundinamarca,La Calera,Territorial,Función Pública,Español,Municipal,Anual,2020-12-01
168,2 de julio de 2019,2 de julio de 2019,2 de julio de 2019,Alcaldía Municipal de Tauramena,TAURAMENA,Secretaría de Gobierno,Alcaldía Municipal de Tauramena,Casanare,Tauramena,Territorial,Ambiente y Desarrollo Sostenible,Español,Municipal,Anual,02/07/2019
169,9 de noviembre de 2020,15 de julio de 2022,9 de noviembre de 2020,ESE HOSPITAL INTEGRADO LANDAZURI,ESE HOSPITAL INTEGRADO LANDAZURI,AREA ADMINISTRATIVA,E.S.E. Hospital Integrado de Landázuri,Santander,Landázuri,Territorial,Salud y Protección Social,Español,Municipal,Anual,2020-10-20
170,18 de diciembre de 2019,15 de julio de 2022,18 de diciembre de 2019,Casa de la cultura del meta,CASA DE LA CULTURA JORGE ELIÉCER GAITÁN,CASA DE LA CULTURA DEL META,Casa de La Cultura Jorge Eliecer Gaitán Meta,Meta,Villavicencio,Territorial,Cultura,Español,Departamental,Anual,2019-12-18
171,16 de octubre de 2021,16 de octubre de 2021,25 de julio de 2019,CORMACARENA,CORMACARENA open data,Grupos Suelo,Corporación para el Desarrollo Sostenible del Área de Manejo Especial la Macarena,Meta,Villavicencio,Nacional,Ambiente y Desarrollo Sostenible,Español,Departamental,Anual,2021-10-15
172,5 de marzo de 2021,5 de marzo de 2021,5 de marzo de 2021,Alcaldía Municipio de Aranzazu,Aranzazu Caldas,"Planeación, Proyectos Especiales y Calidad",Alcaldía Municipal de Aranzazu,Caldas,Aranzazu,Territorial,Función Pública,Español,Municipal,Anual,2021/03/15
173,10 de diciembre de 2020,10 de diciembre de 2020,10 de diciembre de 2020,Universidad del Quindio,Universidad del Quindio,Oficina Asesora de Planeacion y Desarrollo,Universidad del Quindío,Quindío,Armenia,Territorial,Educación,Español,Departamental,Semestral,2020-03-16
174,14 de enero de 2022,15 de julio de 2022,15 de diciembre de 2021,Secretaría General,AlcaldiaBriceno,Secretaría General,Alcaldía Municipal de Briceño Boyacá,Boyacá,Briceño,Territorial,Planeación,Español,Municipal,Anual,2021-06-3
175,27 de julio de 2021,27 de julio de 2021,27 de julio de 2021,Universidad del Quindío,Universidad del Quindio,Oficina de Planeación y Desarrollo,Universidad del Quindío,Quindío,Armenia,Territorial,Educación,Español,Departamental,Semestral,2021-07-27
176,21 de noviembre de 2020,15 de julio de 2022,21 de noviembre de 2020,ALCALDÍA IMUES,ALCALDÍA IMUES,ALCALDIA DE IMUES,Alcaldía Municipal de Imués,Nariño,Imués,Territorial,Organismos de control y vigilancia,Español,Municipal,Semestral,2020-11-21
177,18 de diciembre de 2019,15 de julio de 2022,18 de diciembre de 2019,Casa de la Cultura Meta,CASA DE LA CULTURA JORGE ELIÉCER GAITÁN,Casa de La Cultura Meta,Casa de La Cultura Jorge Eliecer Gaitán Meta,Meta,Villavicencio,Territorial,Cultura,Español,Departamental,Anual,2019-12-18
178,14 de enero de 2019,14 de enero de 2019,14 de enero de 2019,Banco de Proyectos del municipio de Sincelejo,MUNICIPIO DE SINCELEJO,Secretaría de planeación,Alcaldía Municipal de Sincelejo,Sucre,Sincelejo,Territorial,Planeación,Español,Municipal,Anual,2019/01/14
179,11 de abril de 2022,11 de abril de 2022,21 de octubre de 2021,Municipio de Sogamoso Boyacá,Soporte Sistemas,Oficina TIC y Comunicaciones,Alcaldía Municipal de Sogamoso,Boyacá,Sogamoso,Territorial,Función Pública,Español,Municipal,Anual,2021-10-21
180,19 de noviembre de 2021,19 de noviembre de 2021,19 de noviembre de 2021,Universidad del Quindío,Universidad del Quindio,Oficina de Planeación y Desarrollo,Universidad del Quindío,Quindío,Armenia,Territorial,Educación,Español,Departamental,Semestral,2021-11-19
181,5 de marzo de 2021,12 de junio de 2022,5 de marzo de 2021,ADMINISTRACIÓN MUNICIPAL,Alcaldía Municipal de Útica,SECRETARIA DE GOBIERNO MUNICIPAL,Alcaldía Municipal de Útica,Cundinamarca,Útica,Territorial,Función Pública,Español,Municipal,Anual,2021-11-18
182,15 de junio de 2021,15 de julio de 2022,23 de agosto de 2019,Planeacion,ALCALDIADEPALESTINA,Secretaria de Planeación,Alcaldía Municipal de Palestina Caldas,Caldas,Palestina,Territorial,Función Pública,Español,Municipal,Anual,2019-08-08
183,26 de febrero de 2019,15 de julio de 2022,26 de febrero de 2019,UIAF,UIAF,GOBIERNO,Unidad de Información y Análisis Financiero,Bogotá D.C.,Bogotá D.C.,Nacional,Hacienda y Crédito Público,Español,Nacional,Anual,2019-02-20
184,8 de noviembre de 2021,8 de noviembre de 2021,8 de noviembre de 2021,Universidad del Quindío,Universidad del Quindio,Oficina de Planeación y Desarrollo,Universidad del Quindío,Quindío,Armenia,Territorial,Educación,Español,Departamental,Semestral,2021-11-08
185,14 de octubre de 2022,14 de octubre de 2022,14 de octubre de 2022,Universidad del Quindío,Universidad del Quindio,Oficina de Planeación y Desarrollo,Universidad del Quindío,Quindío,Armenia,Territorial,Educación,Español,Departamental,Semestral,2022-10-13
186,13 de octubre de 2020,15 de julio de 2022,13 de octubre de 2020,alcaldiaMariquita,alcaldiaMariquita,Secretaría General y de Gobierno,Alcaldía Municipal de San Sebastián de Mariquita,Tolima,Mariquita,Territorial,Función Pública,Español,Municipal,Anual,2019-12-12
187,4 de noviembre de 2021,4 de noviembre de 2021,4 de noviembre de 2021,Universidad del Quindío,Universidad del Quindio,Oficina de Planeación y Desarrollo,Universidad del Quindío,Quindío,Armenia,Territorial,Educación,Español,Departamental,Semestral,2021-11-04
188,5 de noviembre de 2021,5 de noviembre de 2021,5 de noviembre de 2021,Universidad del Quindío,Universidad del Quindio,Oficina de Planeación y Desarrollo,Universidad del Quindío,Quindío,Armenia,Territorial,Educación,Español,Departamental,Semestral,2021-11-05
189,10 de diciembre de 2020,12 de marzo de 2021,10 de diciembre de 2020,Contraloría Departamental del Guaviare,Contraloría Departamental del Guaviare,SISTEMAS,Contraloría Departamental del Guaviare,Guaviare,San José del Guaviare,Territorial,Organismos de control y vigilancia,Español,Departamental,Semestral,10/10/2020
190,27 de julio de 2022,27 de julio de 2022,28 de diciembre de 2020,Gobernación de Casanare,GOBCAS,Dirección de Tecnologías de la Información y las Comunicaciones,Gobernación del Casanare,Casanare,Yopal,Territorial,"Ciencia, Tecnología e innovación",Español,Departamental,Anual,2020-12-28
191,16 de noviembre de 2021,16 de noviembre de 2021,16 de noviembre de 2021,Universidad del Quindío,Universidad del Quindio,Oficina de Planeación y Desarrollo,Universidad del Quindío,Quindío,Armenia,Territorial,Educación,Español,Departamental,Semestral,2021-11-16
192,9 de marzo de 2021,9 de marzo de 2021,9 de marzo de 2021,Gobernación de Nariño,GOBERNACIÓN DE NARIÑO,Gobernación de Nariño,Gobernación de Nariño,Nariño,Pasto,Territorial,Función Pública,Español,Departamental,Anual,25/02/2021
193,5 de enero de 2022,15 de julio de 2022,5 de enero de 2022,uceva,uceva,Oficina asesora de comunicaciones,Unidad Central del Valle del Cauca,Valle del Cauca,Tuluá,Territorial,Educación,Español,Nacional,Anual,2021-10-15
194,10 de octubre de 2022,10 de octubre de 2022,10 de octubre de 2022,Universidad del Quindío,Universidad del Quindio,Oficina de Planeación y Desarrollo,Universidad del Quindío,Quindío,Armenia,Territorial,Educación,Español,Departamental,Semestral,2022-10-10
195,27 de enero de 2022,15 de julio de 2022,26 de enero de 2022,Oficina Asesora de Planeación,INSTITUTO NACIONAL PARA CIEGOS - INCI,Oficina Asesora de Planeación,Instituto Nacional para Ciegos,Bogotá D.C.,Bogotá D.C.,Nacional,Educación,Español,Nacional,No aplica,2022-01-27
196,3 de enero de 2022,15 de julio de 2022,3 de enero de 2022,Gobernación del Valle del Cauca,Gobernación del Valle del Cauca,Secretaría de las Tecnologías de la Información y las Comunicaciones,Gobernación del Valle del Cauca,Valle del Cauca,Cali,Territorial,"Ciencia, Tecnología e innovación",Español,Departamental,Anual,2021-12-30
197,3 de agosto de 2022,3 de agosto de 2022,21 de julio de 2021,Ministerio de Justicia y del Derecho,Ministerio de Justicia y del Derecho,Grupo de Gestión Documental,Ministerio de Justicia y del derecho,Bogotá D.C.,Bogotá D.C.,Nacional,Justicia y del Derecho,Español,Nacional,Anual,2022/08/2
198,12 de agosto de 2022,25 de agosto de 2022,12 de agosto de 2022,Oficina de Internacionalización,Escuela Superior de Administración Pública ESAP,Oficina de Internacionalización,Escuela Superior de Administración Pública,Bogotá D.C.,Bogotá D.C.,Nacional,Educación,Español,Nacional,Semestral,2022-08-12
199,28 de octubre de 2021,28 de octubre de 2021,28 de octubre de 2021,Aguas y Aguas de Pereira,aguasyaguas,Subgerencia Comercial- Servicio al Cliente,E.S.P. Empresa de Acueducto y Alcantarillado de Pereira S.A.,Risaralda,Pereira,Territorial,Función Pública,Español,Municipal,Trimestral,2021-06-30
200,19 de septiembre de 2022,19 de septiembre de 2022,21 de julio de 2021,Ministerio de Justicia y del Derecho,Ministerio de Justicia y del Derecho,Grupo de Gestión Documental,Ministerio de Justicia y del derecho,Bogotá D.C.,Bogotá D.C.,Nacional,Justicia y del Derecho,Español,Nacional,Anual,2021-12-31
201,29 de junio de 2022,29 de junio de 2022,29 de junio de 2022,Universidad del Quindío,Universidad del Quindio,Oficina de Planeación y Desarrollo,Universidad del Quindío,Quindío,Armenia,Territorial,Educación,Español,Departamental,Semestral,2022-06-28
202,13 de octubre de 2022,13 de octubre de 2022,13 de octubre de 2022,Universidad del Quindío,Universidad del Quindio,Oficina de Planeación y Desarrollo,Universidad del Quindío,Quindío,Armenia,Territorial,Educación,Español,Departamental,Semestral,2022-10-13
203,29 de junio de 2022,29 de junio de 2022,29 de junio de 2022,Universidad del Quindío,Universidad del Quindio,Oficina de Planeación y Desarrollo,Universidad del Quindío,Quindío,Armenia,Territorial,Educación,Español,Departamental,Semestral,2022-06-28
204,27 de mayo de 2022,27 de mayo de 2022,6 de mayo de 2022,Unidad de Planificación Rural Agropecuaria - UPRA,UPRA,Oficina de Tecnologías de la Información y Comunicaciones,"Unidad de Planificación de Tierras Rurales, Adecuación de Tierras y Usos Agropecuarios",Bogotá D.C.,Bogotá D.C.,Nacional,Agricultura y Desarrollo Rural,Español,Municipal,Anual,2022-04-30
205,29 de junio de 2022,29 de junio de 2022,29 de junio de 2022,Universidad del Quindío,Universidad del Quindio,Oficina de Planeación y Desarrollo,Universidad del Quindío,Quindío,Armenia,Territorial,Educación,Español,Departamental,Semestral,2022-06-28
206,29 de junio de 2022,29 de junio de 2022,29 de junio de 2022,Universidad del Quindío,Universidad del Quindio,Oficina de Planeación y Desarrollo,Universidad del Quindío,Quindío,Armenia,Territorial,Educación,Español,Departamental,Semestral,2022-06-28
207,12 de septiembre de 2022,12 de septiembre de 2022,12 de septiembre de 2022,Organización,esehospialpioxii,GESTION DOCUMENTAL,E.S.E. Hospital Pio XII Colón,Putumayo,Colón,Territorial,Salud y Protección Social,Español,Nacional,Anual,2022-12-31
208,29 de junio de 2022,29 de junio de 2022,29 de junio de 2022,Universidad del Quindío,Universidad del Quindio,Oficina de Planeación y Desarrollo,Universidad del Quindío,Quindío,Armenia,Territorial,Estadísticas,Español,Departamental,Semestral,2022-06-28
209,13 de octubre de 2022,13 de octubre de 2022,13 de octubre de 2022,Universidad del Quindío,Universidad del Quindio,Oficina de Planeación y Desarrollo,Universidad del Quindío,Quindío,Armenia,Territorial,Educación,Español,Departamental,Semestral,2022-10-13
210,27 de mayo de 2022,27 de mayo de 2022,6 de mayo de 2022,Unidad de Planificación Rural Agropecuaria - UPRA,UPRA,Oficina de Tecnologías de la Información y Comunicaciones,"Unidad de Planificación de Tierras Rurales, Adecuación de Tierras y Usos Agropecuarios",Bogotá D.C.,Bogotá D.C.,Nacional,Agricultura y Desarrollo Rural,Español,Municipal,Anual,2021-04-30
211,13 de septiembre de 2021,15 de julio de 2022,13 de septiembre de 2021,Municipio de Dosquebradas,Municipio de Dosquebradas,Dirección de Tecnologías de la Información y la Comunicación,Alcaldía Municipal de Dosquebradas,Risaralda,Dosquebradas,Territorial,Función Pública,Español,Municipal,Anual,2021-09-10
212,27 de mayo de 2022,27 de mayo de 2022,27 de mayo de 2022,Unidad de Planificación Rural Agropecuaria - UPRA,UPRA,Oficina de Tecnologías de la Información y Comunicaciones,"Unidad de Planificación de Tierras Rurales, Adecuación de Tierras y Usos Agropecuarios",Bogotá D.C.,Bogotá D.C.,Nacional,Agricultura y Desarrollo Rural,Español,Municipal,Anual,2021-04-30
213,14 de octubre de 2020,15 de julio de 2022,14 de octubre de 2020,Agencia de Desarrollo Rural,Agencia de Desarrollo Rural,Agencia de Desarrollo Rural,Agencia de Desarrollo Rural,Bogotá D.C.,Bogotá D.C.,Nacional,Agricultura y Desarrollo Rural,Español,Nacional,Anual,2020-10-14
214,27 de mayo de 2022,27 de mayo de 2022,27 de mayo de 2022,Unidad de Planificación Rural Agropecuaria - UPRA,UPRA,Oficina de Tecnologías de la Información y Comunicaciones,"Unidad de Planificación de Tierras Rurales, Adecuación de Tierras y Usos Agropecuarios",Bogotá D.C.,Bogotá D.C.,Nacional,Agricultura y Desarrollo Rural,Español,Municipal,Anual,2022-04-30
215,7 de junio de 2018,15 de julio de 2022,9 de marzo de 2018,Ministerio de Tecnologías de la Información y las Comunicaciones,GobiernoDigital,Dirección de Gobierno Digital,Ministerio de Tecnologías de La Información y Las Comunicaciones,Bogotá D.C.,Bogotá D.C.,Nacional,Tecnologías de la Información y las Comunicaciones,Español,Nacional,Anual,2017-11-22
216,19 de julio de 2022,19 de julio de 2022,19 de julio de 2022,Ministerio del Deporte,Ministerio del Deporte,Secretaria General,Ministerio del Deporte,Bogotá D.C.,Bogotá D.C.,Nacional,Deporte y recreación,Español,Nacional,Anual,2021-05-25
217,27 de mayo de 2022,27 de mayo de 2022,27 de mayo de 2022,Unidad de Planificación Rural Agropecuaria - UPRA,UPRA,Oficina de Tecnologías de la Información y Comunicaciones,"Unidad de Planificación de Tierras Rurales, Adecuación de Tierras y Usos Agropecuarios",Bogotá D.C.,Bogotá D.C.,Nacional,Agricultura y Desarrollo Rural,Español,Municipal,Anual,2021-04-30
218,21 de septiembre de 2022,4 de octubre de 2022,2 de enero de 2020,Gobernación de Antioquia,Gobernación de Antioquia,Gerencia de Comunicaciones,Gobernación de Antioquia,Antioquia,Medellín,Territorial,No Aplica,Español,Departamental,Anual,2020-01-02
219,15 de diciembre de 2022,15 de diciembre de 2022,15 de diciembre de 2022,Departamento Administrativo de la Función Pública,Datos Abiertos Función Pública,Dirección de participación transparencia y servicio al ciudadano,Departamento Administrativo de la Función Pública,Bogotá D.C.,Bogotá D.C.,Nacional,Función Pública,Español,Nacional,Mensual,2022-12-15
220,28 de diciembre de 2022,15 de julio de 2022,26 de mayo de 2020,Procuraduría General de la Nación,datosabiertos@procuraduria.gov.co,Grupo SIRI,Procuraduría General de la Nación,Bogotá D.C.,Bogotá D.C.,Nacional,Organismos de control y vigilancia,Español,Nacional,Diaria,Desde 1990 - Actualidad
221,14 de enero de 2022,15 de julio de 2022,12 de febrero de 2020,Auditora Delegada para la Vigilancia de la Gestión Fiscal,Auditora Delegada para la Vigilancia de la Gestión Fiscal,Auditoria Delegada para la Vigilancia de la Gestión Fiscal,Auditoría General de la República,Bogotá D.C.,Bogotá D.C.,Nacional,Organismos de control y vigilancia,Español,Nacional,Anual,2020-01-20
222,1 de abril de 2019,15 de septiembre de 2021,8 de octubre de 2018,Dirección de Gestión y Desempeño Institucional,Datos Abiertos Función Pública,Dirección de Gestión y Desempeño Institucional,Departamento Administrativo de la Función Pública,Bogotá D.C.,Bogotá D.C.,Nacional,Función Pública,Español,Nacional,Anual,2017-01-01
223,13 de noviembre de 2019,15 de julio de 2022,17 de septiembre de 2018,Función Pública,Datos Abiertos Función Pública,Grupo de Gestión Documental,Departamento Administrativo de la Función Pública,Bogotá D.C.,Bogotá D.C.,Nacional,Función Pública,Español,Nacional,Anual,2018-09-12
224,30 de septiembre de 2022,30 de septiembre de 2022,30 de septiembre de 2022,ALCALDÍA MUNICIPAL DE FUNZA CUNDINAMARCA,ALCALDIA DE FUNZA,ALCALDIA DE FUNZA CUNDINAMARCA,Alcaldía Municipal de Funza,Cundinamarca,Funza,Territorial,Tecnologías de la Información y las Comunicaciones,Español,Municipal,Semestral,30-09-2022
225,25 de octubre de 2022,25 de octubre de 2022,22 de noviembre de 2021,Dirección de Inspección de Vigilancia y Control.,MINISTERIO DEL TRABAJO,"Dirección de Inspección, Vigilancia y Control",Ministerio del Trabajo,Bogotá D.C.,Bogotá D.C.,Nacional,Trabajo,Español,Nacional,Trimestral,2022/04/08
226,20 de septiembre de 2022,20 de septiembre de 2022,20 de septiembre de 2022,ESE RED DE SERVICIOS DE PRIMER NIVEL,ESE RED DE SERVICIOS DE SALUD DE PRIMER NIVEL,Subgerencia científico técnico,E.S.E. Red de Servicios de Salud de Primer Nivel Guaviare,Guaviare,San José del Guaviare,Nacional,Salud y Protección Social,Español,Nacional,No aplica,20/09/2022
227,25 de diciembre de 2022,25 de diciembre de 2022,23 de julio de 2021,Oficina de Sistemas,TAURAMENA,Oficina Asesora de Planeación,Alcaldía Municipal de Tauramena,Casanare,Tauramena,Territorial,Planeación,Español,Nacional,Anual,2021-07-24
228,20 de septiembre de 2022,20 de septiembre de 2022,20 de septiembre de 2022,ESE RED DE SERVICIOS DE PRIMER NIVEL,ESE RED DE SERVICIOS DE SALUD DE PRIMER NIVEL,Subgerencia cientifico tecnico,E.S.E. Red de Servicios de Salud de Primer Nivel Guaviare,Guaviare,San José del Guaviare,Nacional,Salud y Protección Social,Español,Nacional,No aplica,20/09/2022
229,30 de noviembre de 2022,17 de diciembre de 2018,28 de noviembre de 2018,CNSC Sistema SIMO,CNSC_4dm1n,Oficina Asesora de Informatica,Comisión Nacional del Servicio Civil,Bogotá D.C.,Bogotá D.C.,Nacional,Función Pública,Español,Nacional,Trimestral,2018-11-28
230,30 de noviembre de 2022,17 de diciembre de 2018,28 de noviembre de 2018,CNSC SIMO,CNSC_4dm1n,Oficina Asesora de Informatica,Comisión Nacional del Servicio Civil,Bogotá D.C.,Bogotá D.C.,Nacional,Función Pública,Español,Nacional,Trimestral,2018-11-28
231,15 de septiembre de 2020,15 de septiembre de 2020,20 de diciembre de 2017,Comisión Nacional del Servicio Civil,CNSC_4dm1n,Presidencia,Comisión Nacional del Servicio Civil,Bogotá D.C.,Bogotá D.C.,Nacional,No Aplica,Español,Nacional,Semestral,2017 12 05
232,15 de septiembre de 2020,15 de septiembre de 2020,20 de diciembre de 2017,Comisión Nacional del Servicio Civil,CNSC_4dm1n,Presidencia,Comisión Nacional del Servicio Civil,Bogotá D.C.,Bogotá D.C.,Nacional,No Aplica,Español,Nacional,Semestral,2017 12 05
233,25 de octubre de 2022,25 de octubre de 2022,22 de noviembre de 2021,Dirección de Inspección de Vigilancia y Control.,MINISTERIO DEL TRABAJO,Dirección Inspección de Vigilancia y Control,Ministerio del Trabajo,Bogotá D.C.,Bogotá D.C.,Nacional,Trabajo,Español,Nacional,Trimestral,2022/04/05
234,5 de diciembre de 2022,15 de julio de 2022,19 de febrero de 2019,Departamento Administrativo de la Función Pública,Datos Abiertos Función Pública,Dirección de Desarrollo Organizacional,Departamento Administrativo de la Función Pública,Bogotá D.C.,Bogotá D.C.,Nacional,Función Pública,Español,Nacional,Trimestral,2018-01-01
235,9 de agosto de 2021,15 de julio de 2022,9 de agosto de 2021,Camara de Comercio de la Dorada,ccdorada,REGISTROS PUBLICOS,Cámara de Comercio de La Dorada,Caldas,La Dorada,Territorial,"Comercio, Industria y Turismo",Español,Municipal,No aplica,2021-08-09
236,26 de diciembre de 2022,23 de septiembre de 2022,29 de junio de 2021,Superintendencia Financiera de Colombia,Superintendencia Financiera de Colombia,Subdirección de analítica,Superintendencia Financiera de Colombia,Bogotá D.C.,Bogotá D.C.,Nacional,Hacienda y Crédito Público,Español,Nacional,Trimestral,2021/06/25
237,9 de diciembre de 2020,9 de diciembre de 2020,25 de septiembre de 2020,CAMARA DE COMERCIO DEL CHOCÓ,YILBER PALACIOS,COMERCIO,Cámara de Comercio del Chocó,Chocó,Quibdó,Territorial,"Comercio, Industria y Turismo",Español,Departamental,Anual,2020-09-24
238,20 de diciembre de 2022,20 de diciembre de 2022,13 de abril de 2021,"Ministerio de Comercio, Industria y Turismo",MINCIT,Dirección de Análisis Sectorial,"Ministerio de Comercio, Industria y Turismo",Bogotá D.C.,Bogotá D.C.,Nacional,"Comercio, Industria y Turismo",Español,Nacional,Semestral,2021-06-30
239,27 de agosto de 2021,15 de julio de 2022,27 de agosto de 2021,Cámara de Comercio de Cartagena,Cámara de Comercio de Cartagena,Servicios Empresariales,Cámara de Comercio de Cartagena,Bolívar,Cartagena,Territorial,"Comercio, Industria y Turismo",Español,Municipal,Trienio,27/08/2021
240,24 de julio de 2020,15 de julio de 2022,26 de mayo de 2020,Procuraduría General de la Nación,datosabiertos@procuraduria.gov.co,"Delegada para la Defensa del Patrimonio Público, la Transparencia y la Integridad",Procuraduría General de la Nación,Bogotá D.C.,Bogotá D.C.,Nacional,Organismos de control y vigilancia,Español,Nacional,Anual,2019-10-30
241,9 de diciembre de 2022,9 de diciembre de 2022,25 de febrero de 2022,SECRETARIA DE SALUD Y MEDIO AMBIENTE,AlcaldiaBGA,Secretaría de Salud y Medio Ambiente,Alcaldía Municipal de Bucaramanga,Santander,Bucaramanga,Territorial,Salud y Protección Social,Español,Municipal,Mensual,2022-02-25
